"ID","City","State","Latitude (º)","Longitude (º)","Altitude (m)","Annual mean dry bulb temperature (ºC)","Annual mean dew point temperature (ºC)","Annual mean relative humidity (%)","Annual mean atmospheric pressure (Pa)","Annual mean global horizontal radiation (Wh/m²)","Annual mean direct normal radiation (Wh/m²)","Annual mean diffuse horizontal radiation (Wh/m²)","Annual mean wind speed (m/s)"
"_AC_Feijo AP","Feijó AP","AC",-8.14,-70.34,163,26.0758219178082,22.3006849315069,80.912100456621,99262.605022831,192.655251141552,71.0748858447489,100.246232876712,1.27269406392694
"_AC_Parque Chandless","Parque Estadual Chandless","AC",-9.37,-69.93,206,24.8712100456621,22.2152511415525,86.3844748858448,99038.0337899543,161.721917808219,54.8711187214612,93.863698630137,0.400536529680365
"_AC_Porto Walter","Porto Walter","AC",-8.27,-72.74,240,26.3634703196347,22.1990753424658,79.3345890410959,98763.7340182648,198.330707762557,77.8954337899543,100.577054794521,1.23713470319635
"_AC_Rio Branco","Rio Branco","AC",-9.96,-68.17,220,25.1166210045662,21.8362671232877,82.8770547945205,98510.2294520548,186.502168949772,67.6859589041096,98.0635844748858,1.42735159817352
"_AL_Arapiraca AP","Arapiraca AP","AL",-9.8,-36.62,241,24.8429908675799,20.4594634703196,78.7090182648402,98660.6404109589,220.983561643836,92.5393835616438,105.652853881279,2.79300228310502
"_AL_Coruripe","Coruripe","AL",-10.13,-36.29,74,25.7209817351598,21.671894977169,79.2786529680365,100418.596461187,223.159360730594,95.739497716895,104.197146118721,2.21550228310502
"_AL_Maceio","Maceió","AL",-9.67,-35.74,64,25.5224315068493,21.3900342465753,78.8926940639269,100435.019406393,234.432077625571,109.973059360731,97.8465753424658,2.74382420091324
"_AL_Palmeira dos Indios","Palmeira dos Índios","AL",-9.41,-36.63,275,25.2792123287671,19.4647260273973,72.7297945205479,98181.9697488584,224.375228310502,97.0415525114155,102.33002283105,2.68146118721461
"_AL_Pao de Acucar","Pão de Açúcar","AL",-9.75,-37.44,19,27.2817351598174,20.4041438356164,69.4912100456621,101068.667808219,238.289155251142,112.913356164384,97.8848173515982,1.81989726027397
"_AL_Sao Luis do Quitunde","São Luís do Quitunde","AL",-9.29,-35.57,19,25.4221118721461,21.821700913242,81.888698630137,101202.565639269,196.533333333333,67.2276255707763,112.122602739726,1.70268264840183
"_AM_Autazes","Autazes","AM",-3.58,-59.13,28,26.5048287671233,23.302203196347,83.5474885844749,100762.827853881,175.827511415525,59.5327625570776,100.909703196347,0.781050228310502
"_AM_Barcelos AP","Barcelos AP","AM",-0.99,-62.92,17,26.2698059360731,23.2852168949772,84.8318493150685,100657.735159817,194.301141552511,77.8907534246575,96.4821917808219,0.951461187214612
"_AM_Coari","Coari","AM",-4.1,-63.15,43,26.2509589041096,23.0066552511416,83.223401826484,100593.360730594,191.106849315069,73.7461187214612,98.1735159817352,1.19794520547945
"_AM_Humaita AP","Humaitá AP","AM",-7.55,-63.07,72,26.2850799086758,22.7879452054795,82.4888127853881,100400.006849315,180.782077625571,61.6408675799087,101.648401826484,1.26057077625571
"_AM_Itacoatiara AP","Itacoatiara AP","AM",-3.13,-58.48,45,26.4294292237443,23.4040068493151,83.9869863013699,100519.742579909,181.729337899543,65.6972602739726,99.8417808219178,1.02526255707763
"_AM_Manacapuru","Manacapuru","AM",-3.29,-60.63,19,26.7001712328767,22.9780936073059,80.7724885844749,100550.529908676,186.771232876712,71.3291095890411,97.3013698630137,1.49776255707763
"_AM_Manaus-Gomez Intl AP","Manaus-Gomez Intl AP","AM",-3.1,-60.03,67,27.2794748858447,23.352203196347,80.3614155251142,100400.529908676,196.463356164384,80.1631278538813,97.4001141552511,1.40110730593607
"_AM_Maues","Maués","AM",-3.4,-57.67,35,26.5730136986301,23.725799086758,84.8825342465753,100728.166666667,189.255365296804,67.9487442922374,104.229452054795,0.700342465753425
"_AM_Parintins","Parintins","AM",-2.64,-56.76,35,27.4900684931507,23.418595890411,79.4841324200913,100750.191210046,206.836073059361,91.5931506849315,94.4215753424658,1.24286529680365
"_AM_Presidente Figueiredo","Presidente Figueiredo","AM",-2.06,-60.03,92,26.644303652968,22.7349771689498,81.2051369863014,100286.159246575,172.243835616438,55.0369863013699,103.865639269406,0.7662100456621
"_AM_Urucara AP","Urucará AP","AM",-2.53,-57.76,17,27.4612328767123,23.2167808219178,78.8675799086758,100780.748287671,202.695662100457,85.0890410958904,97.1439497716895,1.1401598173516
"_AP_Macapa-Alcolumbre Intl AP","Macapá-Alcolumbre Intl AP","AP",0.04,-51.07,15,25.7781735159817,22.5373744292237,83.072602739726,100290.945547945,170.942579908676,50.9067351598174,107.62397260274,1.25558219178082
"_AP_Oiapoque","Oiapoque","AP",3.81,-51.86,21,25.5621917808219,22.6130593607306,85.1615296803653,101005.597031963,179.978196347032,61.549200913242,102.979337899543,1.04703196347032
"_AP_Porto Grande","Porto Grande","AP",0.7,-51.41,77,25.7781735159817,22.5377625570776,83.072602739726,100290.945547945,170.950684931507,50.9296803652968,107.609246575342,1.25558219178082
"_AP_Tartarugalzinho","Tartarugalzinho","AP",1.5,-50.92,21,25.992203196347,22.57899543379,82.9617579908676,100899.609931507,185.233447488584,66.2793378995434,103.101484018265,2.0760502283105
"_BA_Amargosa AP","Amargosa AP","BA",-13.01,-39.62,407,23.1756506849315,19.2554337899543,79.9686073059361,97027.4594748859,211.837899543379,84.810502283105,104.440296803653,3.03675799086758
"_BA_Barra AP","Barra AP","BA",-11.08,-43.14,403,26.7922260273973,17.2039155251142,59.4057077625571,96594.5719178082,251.862785388128,127.807191780822,90.721803652968,1.71820776255708
"_BA_Barreiras","Barreiras","BA",-12.15,-44.99,470,25.1249315068493,15.5750799086758,60.0837899543379,95910.577283105,237.473630136986,112.754223744292,93.5253424657534,1.66503424657534
"_BA_Belmonte","Belmonte","BA",-16.09,-39.22,88,23.78600456621,20.6017694063927,83.7284246575342,100459.158675799,211.329337899543,82.7622146118722,103.127739726027,1.64944063926941
"_BA_Bom Jesus da Lapa AP","Bom Jesus da Lapa AP","BA",-13.26,-43.42,440,26.248196347032,15.1485730593607,54.2205479452055,96212.5125570776,236.009931506849,110.514611872146,95.296803652968,1.55199771689498
"_BA_Brumado","Brumado","BA",-14.18,-41.67,470,25.1665410958904,18.0428196347032,66.3465753424658,96056.0228310502,219.540068493151,98.6416666666667,95.2694063926941,1.43590182648402
"_BA_Buritirama AP","Buritirama AP","BA",-10.72,-43.65,502,25.4376255707763,16.953698630137,63.9165525114155,95524.4783105023,231.265753424658,105.605136986301,96.976598173516,1.99100456621005
"_BA_Caravelas","Caravelas","BA",-17.73,-39.2,3,25.0206392694064,21.1260273972603,79.6115296803653,101469.537442922,217.302739726027,94.9259132420091,94.7525114155251,2.44880136986301
"_BA_Conde","Conde","BA",-11.81,-37.62,14,25.9344863013699,21.6538470319635,77.9611872146119,101263.181849315,233.27203196347,109.207077625571,97.5877853881279,2.39647260273973
"_BA_Correntina","Correntina","BA",-13.33,-44.62,549,23.8213470319635,15.5892465753425,65.5777397260274,95059.4876712329,235.788127853881,111.326712328767,94.0906392694064,1.46456621004566
"_BA_Cruz das Almas","Cruz das Almas","BA",-12.67,-39.1,226,23.9233447488584,19.8083447488584,79.1003424657534,98968.9892694064,204.160388127854,73.9827625570776,109.804908675799,2.91663242009132
"_BA_Delfino","Delfino","BA",-10.46,-41.21,637,23.843196347032,16.3952625570776,66.2408675799087,94074.4663242009,214.471118721461,93.9985159817352,98.4340182648402,2.45123287671233
"_BA_Euclides da Cunha","Euclides da Cunha","BA",-10.54,-39,432,24.108299086758,18.3350570776256,73.3356164383562,96470.3597031963,212.949657534247,86.4479452054795,105.841666666667,3.27570776255708
"_BA_Feira de Santana","Feira de Santana","BA",-12.27,-38.97,231,24.5978082191781,19.9172945205479,77.2802511415525,98799.4307077626,199.422945205479,74.0793378995434,103.61700913242,2.50521689497717
"_BA_Guanambi AP","Guanambi AP","BA",-14.21,-42.75,551,25.6521461187215,16.1538356164384,58.7141552511416,95061.4937214612,247.699657534247,123.966894977169,89.7288812785388,3.23989726027397
"_BA_Ibotirama","Ibotirama","BA",-12.19,-43.21,430,26.7318721461187,15.9009931506849,56.9574200913242,96389.1198630137,241.838242009132,116.195433789954,94.4799086757991,2.22986301369863
"_BA_Ilheus","Ilhéus","BA",-14.79,-39.05,78,23.4486073059361,20.5972374429224,84.6042237442922,100609.240068493,202.482305936073,75.7286529680365,105.532876712329,2.00445205479452
"_BA_Ipiau","Ipiaú","BA",-14.14,-39.73,135,24.5624885844749,20.5930479452055,80.4866438356164,99932.497260274,212.9100456621,86.7575342465753,103.012100456621,1.48190639269406
"_BA_Irece AP","Irecê AP","BA",-11.33,-41.86,755,23.9452511415525,16.3421347031963,64.5398401826484,92772.8002283105,242.370319634703,116.040182648402,95.6898401826484,2.58865296803653
"_BA_Itaberaba","Itaberaba","BA",-12.53,-40.31,250,24.9297831050228,19.3959589041096,73.5319634703196,98950.9606164384,200.302625570776,78.5745433789954,102.101255707763,2.18932648401826
"_BA_Itapetinga","Itapetinga","BA",-15.24,-40.24,279,24.6742351598173,19.174497716895,74.4190639269406,98311.8953196347,212.652739726027,87.1690639269406,101.559246575342,2.13638127853881
"_BA_Itirucu","Itiruçu","BA",-13.53,-40.15,756,21.0603767123288,17.4191095890411,81.462100456621,93054.7043378995,195.141210045662,70.5615296803653,105.80399543379,2.66211187214612
"_BA_Jacobina","Jacobina","BA",-11.21,-40.47,453,24.3623744292237,18.0789611872146,70.5643835616438,96381.8139269406,200.419063926941,78.6194063926941,102.456735159817,1.83025114155251
"_BA_Lencois","Lençóis","BA",-12.56,-41.39,439,24.8549315068493,18.056095890411,68.6315068493151,96443.5017123288,193.359474885845,71.7504566210046,98.1477168949772,1.16860730593607
"_BA_Macajuba","Macajuba","BA",-12.14,-40.36,380,24.0560502283105,18.5379109589041,73.8828767123288,97490.9606164384,200.848515981735,79.1364155251142,102.044748858447,2.78473744292237
"_BA_Marau","Maraú","BA",-13.91,-38.97,10,25.6739383561644,21.8040525114155,79.560502283105,101386.070319635,228.65,106.236643835616,95.8905251141553,2.23367579908676
"_BA_Paulo Afonso","Paulo Afonso","BA",-9.41,-38.22,253,26.3247260273973,18.0193264840183,63.4697488584475,98462.2831050228,227.416324200913,101.218835616438,102.229566210046,4.27279680365297
"_BA_Piata","Piatã","BA",-13.16,-41.77,1290,19.7969634703196,14.4267123287671,73.183105022831,87465.9891552511,213.708789954338,96.2020547945205,93.7521689497717,2.37406392694064
"_BA_Porto Seguro","Porto Seguro","BA",-16.39,-39.18,85,23.7429566210046,21.14899543379,86.3087899543379,100502.984018265,199.468493150685,74.328196347032,103.357077625571,1.45938356164384
"_BA_Queimadas","Queimadas","BA",-10.98,-39.62,315,26.132796803653,18.1315867579909,64.8493150684932,97797.796803653,211.500913242009,85.9942922374429,105.304566210046,3.18797945205479
"_BA_Remanso","Remanso","BA",-9.62,-42.08,401,26.8158561643836,18.5306621004566,62.208105022831,96636.9570776256,238.024429223744,112.222488584475,95.2045662100457,2.41122146118721
"_BA_Salvador","Salvador","BA",-12.97,-38.51,51,25.8630936073059,21.59149543379,77.5626712328767,100812.586187215,220.355365296804,99.8955479452055,95.2835616438356,1.27606164383562
"_BA_Santa Rita de Cassia","Santa Rita de Cássia","BA",-11.01,-44.52,450,26.0526826484018,16.3094634703196,59.8423515981735,96123.0845890411,245.244863013699,117.346803652968,95.9001141552511,1.675399543379
"_BA_Senhor do Bonfim","Senhor do Bonfim","BA",-10.44,-40.15,548,23.8542237442922,17.3068949771689,69.9130136986301,95316.2402968036,214.587328767123,94.0554794520548,98.4442922374429,3.1461301369863
"_BA_Serrinha","Serrinha","BA",-11.66,-39.02,339,24.1480365296804,19.033698630137,75.912100456621,97562.3179223744,209.540296803653,84.649200913242,105.040410958904,2.8525799086758
"_BA_Uaua","Uauá","BA",-9.83,-39.5,453,25.4056050228311,17.577796803653,65.1946347031963,96203.8662100457,223.512214611872,97.5583333333333,102.92100456621,3.40785388127854
"_BA_Una","Uná","BA",-15.28,-39.09,82,24.1544520547945,21.2892922374429,84.734703196347,100609.880707763,201.319063926941,75.5837899543379,104.372602739726,1.3886301369863
"_BA_Valenca","Valença","BA",-13.37,-39.07,39,24.2053538812785,21.2072831050228,84.2681506849315,100586.070319635,220.271232876712,93.746803652968,101.123858447489,1.78115296803653
"_BA_Vitoria da Conquista-Figueiredo AP","Vitória da Conquista-Figueiredo AP","BA",-14.87,-40.84,870,20.5997260273973,16.5671917808219,79.6309360730594,91734.1569634703,251.454908675799,108.283561643836,110.465525114155,2.53117579908676
"_CE_Acarau","Acaraú","CE",-3.12,-40.09,76,26.6020776255708,21.9607191780822,77.4068493150685,100403.113584475,231.634474885845,102.545890410959,102.025684931507,3.26094748858447
"_CE_Barbalha","Barbalha","CE",-7.3,-39.27,409,25.5928082191781,18.4689155251142,67.9649543378995,96591.323630137,237.266780821918,113.394063926941,96.2554794520548,1.60251141552511
"_CE_Campos Sales","Campos Sales","CE",-7.08,-40.36,572,24.8671803652968,17.3115525114155,66.5617579908676,94747.4166666667,227.402739726027,102.928652968037,100.198059360731,2.31286529680365
"_CE_Crateus","Crateús","CE",-5.19,-40.67,291,27.0911187214612,18.8034589041096,64.3664383561644,97820.0359589041,222.939840182648,97.0028538812785,102.977739726027,2.13421232876712
"_CE_Fortaleza-Pinto Martins Intl AP","Fortaleza-Pinto Martins Intl AP","CE",-3.8,-38.53,41,26.6534589041096,21.8276826484018,75.6724885844749,100894.321575342,206.754223744292,85.6686073059361,99.4019406392694,2.24060502283105
"_CE_Guaramiranga","Guaramiranga","CE",-4.26,-38.93,38,20.689200913242,18.6621232876712,88.666894977169,91636.8812785388,163.279452054795,56.2981735159817,97.8607305936073,3.12720319634703
"_CE_Iguatu","Iguatu","CE",-6.36,-39.3,233,27.0137671232877,18.6567237442922,64.2159817351598,98614.0953196347,241.559474885845,116.092237442922,95.962100456621,2.57551369863014
"_CE_Itapipoca","Itapipoca","CE",-3.48,-39.59,102,26.8928881278539,21.3357191780822,73.1442922374429,99983.9351598174,212.931278538813,87.9978310502283,101.56198630137,3.39172374429224
"_CE_Jaguaribe","Jaguaribe","CE",-5.91,-38.63,184,27.7834589041096,19.8765867579909,65.839497716895,99355.0799086758,225.830365296804,100.588698630137,101.661187214612,2.72746575342466
"_CE_Jaguaruana","Jaguaruana","CE",-4.79,-37.78,12,27.2449429223744,20.844200913242,70.3727168949772,100970.439497717,242.689155251142,114.030136986301,98.4358447488584,3.02360730593607
"_CE_Morada Nova","Morada Nova","CE",-5.11,-38.37,44,27.1401484018265,20.6499429223744,70.7904109589041,100770.439497717,240.200342465753,112.961073059361,98.6487442922374,2.12753424657534
"_CE_Quixeramobim","Quixeramobim","CE",-5.2,-39.29,80,26.4351712328767,19.7497488584475,70.0674657534247,100387.019406393,223.188926940639,95.3768264840183,104.41700913242,2.36312785388128
"_CE_Taua","Tauá","CE",-6.02,-40.28,415,26.1941780821918,17.0286415525114,61.6251141552511,96555.8430365297,231.366666666667,105.565068493151,99.9227168949772,2.78051369863014
"_DF_Brasilia","Brasilia","DF",-15.78,-47.93,1160,21.0814840182648,13.922602739726,66.2493150684931,88761.6666666667,210.535730593607,89.2400684931507,95.1985159817352,2.46440639269406
"_DF_Planaltina","Planaltina","DF",-15.53,-47.56,1200,20.9538470319635,15.521198630137,74.0376712328767,88761.6666666667,211.458675799087,88.8603881278539,97.541894977169,2.00676940639269
"_ES_Alegre","Alegre","ES",-20.76,-41.53,138,23.9513584474886,18.0557762557078,72.7166666666667,100019.752054795,221.246232876712,103.417465753425,84.9182648401826,1.46957762557078
"_ES_Alfredo Chaves","Alfredo Chaves","ES",-20.64,-40.75,35,23.5806050228311,18.9627283105023,76.8856164383562,101229.711757991,176.348744292237,68.0383561643836,86.0465753424658,1.84197488584475
"_ES_Linhares","Linhares","ES",-19.39,-40.07,40,24.2769748858447,20.0057534246575,78.3525114155251,101156.308219178,205.9600456621,79.5326484018265,98.1681506849315,2.91109589041096
"_ES_Nova Venecia","Nova Venecia","ES",-18.7,-40.39,154,24.2559589041096,19.58149543379,77.3477168949772,99713.3116438356,202.636872146119,79.4477168949772,99.1522831050228,2.0974200913242
"_ES_Presidente Kennedy","Presidente Kennedy","ES",-21.1,-41.04,80,23.9676598173516,19.708801369863,78.3494292237443,100558.944634703,199.657534246575,83.0463470319635,91.5082191780822,3.31772831050228
"_ES_Santa Teresa","Santa Teresa","ES",-19.99,-40.58,998,18.5815182648402,16.6634360730594,89.3535388127854,90623.5445205479,191.73401826484,76.4950913242009,90.7599315068493,2.23321917808219
"_ES_Sao Mateus","São Mateus","ES",-18.72,-39.86,39,23.8641210045662,20.1946347031963,81.0076484018265,101160.037671233,217.889383561644,92.6657534246575,94.1740867579909,2.45422374429224
"_ES_Vitoria","Vitória","ES",-20.32,-40.34,9,24.3972602739726,19.7951369863014,76.9013698630137,101573.988584475,213.825456621005,95.3197488584475,87.6208904109589,2.04801369863014
"_GO_Alto Paraiso de Goias","Alto Paraíso de Goiás","GO",-14.13,-47.51,1260,20.5861757990868,13.6402168949772,67.6721461187215,87660.5051369863,213.401369863014,91.9673515981735,95.1206621004566,2.06584474885845
"_GO_Aragarcas","Aragarças","GO",-15.9,-52.25,347,25.7936643835616,19.0095433789954,69.8729452054795,97491.2694063927,209.176940639269,87.8892694063927,95.803196347032,1.10947488584475
"_GO_Caiaponia","Caiapônia","GO",-16.96,-51.81,737,23.2544292237443,15.4258675799087,66.0810502283105,93027.5993150685,209.716324200913,87.6247716894977,95.3463470319635,1.68213470319635
"_GO_Catalao","Catalão","GO",-18.16,-47.93,890,22.5055821917808,14.4538356164384,64.3574200913242,91422.8664383562,209.741666666667,87.7110730593607,93.07100456621,2.04569634703196
"_GO_Cristalina","Cristalina","GO",-16.79,-47.61,1202,20.7235388127854,15.0040525114155,72.0656392694064,88185.9634703196,205.111073059361,85.0502283105023,95.7283105022831,2.0648401826484
"_GO_Goianesia","Goianésia","GO",-15.32,-49.12,667,24.5350342465753,15.1326369863014,60.4199771689498,93800.8162100457,217.502511415525,92.8547945205479,96.9020547945206,1.23536529680365
"_GO_Goiania","Goiânia","GO",-15.37,-48.78,770,23.2297602739726,15.5629452054795,66.2510273972603,93280.0057077626,211.190296803653,88.8670091324201,96.9259132420091,1.40956621004566
"_GO_Goias","Goiás","GO",-15.93,-50.14,512,24.9807762557078,18.2814269406393,69.9183789954338,95431.2288812785,211.740525114155,91.3293378995434,93.8301369863014,1.21316210045662
"_GO_Itapaci","Itapaci","GO",-14.95,-49.55,522,23.9012442922374,16.8123059360731,69.6856164383562,95100.2606164384,197.63196347032,77.3380136986301,99.9252283105023,1.35639269406393
"_GO_Itumbiara","Itumbiara","GO",-18.41,-49.19,488,23.9172602739726,18.1163812785388,72.8546803652968,95725.0918949772,212.196803652968,88.2519406392694,94.4948630136986,1.89810502283105
"_GO_Jatai","Jataí","GO",-17.88,-51.71,582,22.4153196347032,16.0686301369863,72.3785388127854,93801.6113013699,217.959589041096,91.5114155251142,96.0929223744292,1.59287671232877
"_GO_Luziania","Luziânia","GO",-16.25,-47.95,958,21.9834703196347,15.8525684931507,70.9900684931507,90325.9611872146,213.720662100457,90.5767123287671,96.6873287671233,2.58939497716895
"_GO_Mineiros","Mineiros","GO",-17.57,-52.6,706,22.3729680365297,17.3785388127854,76.6473744292237,93319.4421232877,205.026826484018,81.002397260274,96.3715753424657,1.3734703196347
"_GO_Monte Alegre de Goias","Monte Alegre de Goiás","GO",-13.5,-46.89,1253,24.9642694063927,17.6721347031963,67.3834474885845,87247.0228310502,222.987899543379,99.7085616438356,96.4440639269406,0.576232876712329
"_GO_Morrinhos","Morrinhos","GO",-17.73,-49.1,771,22.3774200913242,15.2821917808219,68.1658675799087,93016.3515981735,222.00502283105,95.3466894977169,94.9301369863014,1.76860730593607
"_GO_Niquelandia","Niquelândia","GO",-14.47,-48.46,583,24.3100342465753,15.8383675799087,63.0624429223744,93877.1369863014,218.88698630137,92.0271689497717,98.546803652968,1.96497716894977
"_GO_Parauna","Paraúna","GO",-16.96,-50.43,678,23.9974543378995,15.5458904109589,63.7945205479452,93686.6430365297,208.053310502283,87.8228310502283,95.0997716894977,1.61720319634703
"_GO_Pires do Rio","Pires do Rio","GO",-17.31,-48.28,752,22.9413356164384,16.6556621004566,70.8011415525114,92948.2203196347,219.283105022831,95.3432648401827,93.5308219178082,1.2799200913242
"_GO_Posse","Posse","GO",-14.09,-46.37,834,24.4375913242009,15.5292579908676,60.784703196347,92128.8675799087,223.827739726027,100.083105022831,96.0079908675799,2.16178082191781
"_GO_Rio Verde","Rio Verde","GO",-17.8,-50.93,782,22.8024771689498,15.1628082191781,66.9227168949772,92639.8652968036,208.676826484018,84.515296803653,95.4211187214612,2.07785388127854
"_GO_Sao Simao","São Simão","GO",-18.99,-50.54,489,23.9858561643836,17.745502283105,71.0804794520548,95710.5171232877,202.064497716895,78.587899543379,95.8132420091324,2.10544520547945
"_MA_Alto Parnaiba","Alto Parnaíba","MA",-9.11,-45.93,281,25.7457305936073,19.8308447488584,73.5888127853881,97902.1055936073,200.795433789954,78.3654109589041,101.616324200913,0.916575342465753
"_MA_Bacabal","Bacabal","MA",-4.24,-44.8,28,27.2779452054795,21.8948630136986,74.9219178082192,100807.115296804,207.502625570776,82.1829908675799,105.166552511416,1.33913242009132
"_MA_Balsas","Balsas","MA",-7.46,-46.03,254,25.9479109589041,20.2383561643836,73.9928082191781,98070.4902968036,219.60901826484,96.3688356164384,97.9002283105023,1.59982876712329
"_MA_Barra do Corda","Barra do Corda","MA",-5.51,-45.24,153,26.2839383561644,21.113196347032,75.4746575342466,99348.3812785388,206.482305936073,81.5416666666667,102.865867579909,1.39793378995434
"_MA_Buriticupu","Buriticupu","MA",-4.32,-46.45,175,26.1971689497717,20.8921118721461,74.4785388127854,99066.3989726027,192.058219178082,64.3912100456621,109.160844748858,2.20922374429224
"_MA_Carolina","Carolina","MA",-7.34,-47.46,192,26.5788470319635,20.8635502283105,73.8920091324201,98996.6906392694,203.7649543379,82.1557077625571,99.1981735159817,0.992979452054795
"_MA_Caxias","Caxias","MA",-4.82,-43.34,76,26.3755936073059,21.3618835616438,76.0149543378995,100139.070776256,213.594634703196,87.553196347032,103.776484018265,1.13407534246575
"_MA_Chapadinha","Chapadinha","MA",-3.74,-43.35,91,26.8950913242009,21.4600799086758,74.8454337899543,99912.4594748859,222.60799086758,95.6626712328767,103.118493150685,1.75691780821918
"_MA_Colinas","Colinas","MA",-6.03,-44.23,179,26.0540525114155,20.7858561643836,75.4002283105023,99056.9920091324,198.615867579909,73.5795662100457,104.804223744292,1.15551369863014
"_MA_Estreito","Estreito","MA",-6.65,-47.42,180,25.8402853881279,20.5549657534247,76.2264840182648,98977.9149543379,207.451598173516,85.1077625570776,99.1799086757991,1.33175799086758
"_MA_Farol Preguicas","Farol Preguiças","MA",-2.59,-42.71,0,27.4976255707763,23.1705365296804,77.49600456621,101061.621575342,214.500228310502,92.334703196347,96.110502283105,3.28836757990868
"_MA_Farol Santana","Farol Santana","MA",-2.27,-43.62,0,27.3578310502283,23.0321575342466,77.4454337899543,101003.131278539,229.461757990868,109.738242009132,92.7598173515982,3.28849315068493
"_MA_Grajau","Grajaú","MA",-5.82,-46.16,230,26.127796803653,20.7265410958904,74.3803652968036,98489.200913242,199.248401826484,74.4974885844749,103.30605022831,1.56299086757991
"_MA_Imperatriz","Imperatriz","MA",-5.56,-47.46,126,26.8887899543379,21.2928082191781,73.9067351598173,99757.5639269406,197.418607305936,71.009703196347,106.044748858447,1.25182648401826
"_MA_Sao Luis","São Luís","MA",-2.53,-44.3,56,26.7560388127854,23.2500913242009,81.7389269406393,101003.131278539,214.813698630137,87.7328767123288,105.249771689498,2.0887899543379
"_MA_Turiacu","Turiaçu","MA",-1.66,-45.37,41,26.5266095890411,22.981404109589,81.6562785388128,100591.062785388,193.362328767123,69.4465753424657,105.243721461187,2.83130136986301
"_MG_Aguas Vermelhas","Águas Vermelhas","MG",-15.75,-41.46,740,21.3909589041096,16.0794406392694,74.8222602739726,92988.1261415525,206.181392694064,86.215296803653,98.1196347031964,1.97702054794521
"_MG_Aimores","Aimorés","MG",-19.5,-41.06,84,24.6667808219178,18.8565182648402,72.1748858447489,99872.421347032,225.196461187215,102.587442922374,90.4665525114155,1.97510273972603
"_MG_Almenara","Almenara","MG",-16.18,-40.69,208,25.2161187214612,18.826095890411,70.4533105022831,99313.1267123288,219.70696347032,99.0095890410959,95.2135844748858,1.36922374429224
"_MG_Araxa","Araxá","MG",-19.59,-46.94,1020,21.4013584474886,13.5172260273973,63.6816210045662,90212.6550228311,240.199885844749,109.395433789954,94.8996575342466,2.46552511415525
"_MG_Belo Horizonte-Pampulha AP","Belo Horizonte-Pampulha AP","MG",-19.82,-43.96,869,21.7520776255708,15.1519178082192,68.2694063926941,91914.251369863,219.212214611872,95.0511415525114,91.6730593607306,2.23840182648402
"_MG_Buritis","Buritis","MG",-15.62,-46.42,894,22.2758105022831,16.2882876712329,71.2246575342466,91146.6011415525,221.597716894977,98.1678082191781,95.4513698630137,2.46351598173516
"_MG_Caldas","Caldas","MG",-21.92,-46.39,1150,17.8654337899543,13.6140867579909,79.1737442922374,88457.0196347032,197.809817351598,77.7159817351598,91.9931506849315,1.01109589041096
"_MG_Capelinha","Capelinha","MG",-17.69,-42.52,932,20.080901826484,15.985296803653,79.1639269406393,91117.3715753425,199.858789954338,78.2498858447489,97.1005707762557,1.93102739726027
"_MG_Carangola","Carangola","MG",-20.73,-42.02,399,22.029098173516,16.3458561643836,72.7649543378995,96957.7853881279,179.802054794521,67.6228310502283,90.4760273972603,0.452043378995434
"_MG_Caratinga","Caratinga","MG",-19.79,-42.14,615,21.7679908675799,17.2109474885845,77.1261415525114,94627.1324200913,203.276369863014,81.3223744292237,95.9045662100457,1.35817351598174
"_MG_Chapada Gaucha","Chapada Gaúcha","MG",-15.31,-45.62,880,22.7018721461187,15.9529337899543,68.8535388127854,91667.448630137,226.115410958904,103.317351598174,94.7772831050228,2.91267123287671
"_MG_Conceicao das Alagoas","Conceição das Alagoas","MG",-19.99,-48.15,568,22.7731050228311,15.9010616438356,69.6672374429224,94866.75,201.396347031963,80.6345890410959,91.8044520547945,2.24053652968037
"_MG_Curvelo","Curvelo","MG",-18.76,-44.43,670,22.842899543379,16.6504680365297,70.8678082191781,93896.647260274,229.701712328767,102.866780821918,93.966095890411,1.74010273972603
"_MG_Diamantina AP","Diamantina AP","MG",-18.23,-43.65,1356,18.6211529680365,14.396700913242,78.1942922374429,86761.9223744292,200.370319634703,82.2222602739726,92.8301369863014,3.00918949771689
"_MG_Dores do Indaia","Dores do Indaiá","MG",-19.46,-45.6,722,21.9850456621005,15.1769520547945,68.7888127853881,93274.2157534247,213.13002283105,90.6247716894977,91.177397260274,2.22504566210046
"_MG_Espinosa","Espinosa","MG",-14.92,-42.8,570,25.0175,15.8706050228311,60.2163242009132,94955.1729452055,235.742465753425,112.273630136986,93.5428082191781,2.27236301369863
"_MG_Florestal","Florestal","MG",-19.89,-44.42,742,20.1953310502283,14.3944406392694,72.8291095890411,93046.4723744292,234.255593607306,106.39098173516,92.840296803653,0.809052511415525
"_MG_Formiga","Formiga","MG",-20.46,-45.45,878,20.9243264840183,14.6973630136986,70.3566210045662,91624.2636986301,205.315410958904,81.8565068493151,94.2430365296804,1.87981735159817
"_MG_Governador Valadares","Governador Valadares","MG",-18.85,-41.95,263,24.0327853881279,18.6758675799087,74.0892694063927,98502.0439497717,209.699543378995,86.2998858447489,95.3444063926941,1.46487442922374
"_MG_Guarda-Mor","Guarda-Mor","MG",-17.77,-47.1,616,21.1319520547945,15.8826598173516,74.3277397260274,94283.0255707763,216.711872146119,91.9520547945205,95.3536529680365,2.68747716894977
"_MG_Ibirite","Ibirité","MG",-20.03,-44.01,1208,19.9529680365297,14.6815753424658,73.1107305936073,88336.8687214612,205.654223744292,84.9356164383562,91.3920091324201,3.76109589041096
"_MG_Itaobim","Itaobim","MG",-16.34,-41.29,266,25.2168607305936,17.5347945205479,65.3913242009132,98335.7494292237,218.488127853881,99.2616438356164,93.2457762557078,1.65544520547945
"_MG_Ituiutaba","Ituiutaba","MG",-18.97,-49.47,560,23.2639383561644,16.3011301369863,69.5809360730594,95231.397260274,207.538127853881,84.1102739726027,94.0642694063927,1.70457762557078
"_MG_Joao Pinheiro AP","João Pinheiro AP","MG",-17.78,-46.12,870,22.4485388127854,15.6502054794521,68.0276255707763,91672.6815068493,222.918378995434,96.6873287671233,95.1590182648402,2.61462328767123
"_MG_Juiz de Fora","Juiz de Fora","MG",-21.76,-43.35,950,18.5969520547945,15.086700913242,81.7986301369863,91121.2557077626,175.868607305936,65.9020547945206,85.7551369863014,2.92607305936073
"_MG_Mantena","Mantena","MG",-18.78,-40.98,214,24.2559931506849,18.6528767123288,73.0424657534247,98491.2385844749,207.089269406393,91.8953196347032,92.389497716895,0.700114155251142
"_MG_Maria da Fe","Maria da Fé","MG",-22.31,-45.38,1276,16.2530251141552,12.9814497716895,82.9921232876712,87561.3293378995,189.067465753425,74.5288812785388,88.3527397260274,0.851769406392694
"_MG_Mocambinho","Mocambinho","MG",-15.09,-44.02,460,24.8360273972603,17.3081849315069,66.9127853881279,96162.1666666667,236.843949771689,111.996803652968,93.7549086757991,1.12982876712329
"_MG_Montalvania","Montalvânia","MG",-14.42,-44.37,512,23.729897260274,16.9104566210046,70.1568493150685,95433.1603881279,236.308904109589,111.816552511416,94.453196347032,1.47270547945205
"_MG_Monte Verde AP","Monte Verde AP","MG",-22.86,-46.03,1500,15.2777625570776,11.8033904109589,80.9212328767123,84869.4061643836,186.821917808219,69.8982876712329,90.6310502283105,1.53004566210046
"_MG_Montes Claros","Montes Claros","MG",-16.74,-43.86,646,23.6698287671233,14.9935502283105,61.7563926940639,94190.6320776256,192.258789954338,65.2566210045662,107.177853881279,2.20934931506849
"_MG_Muriae","Muriaé","MG",-21.13,-42.37,297,23.2467694063927,18.8790068493151,78.240296803653,98123.9628995434,192.686529680365,75.7498858447489,93.7667808219178,1.49817351598174
"_MG_Ouro Branco","Ouro Branco","MG",-20.52,-43.69,1061,19.6738470319635,15.6944634703196,79.5670091324201,89873.6066210046,182.159703196347,63.5200913242009,96.4568493150685,1.62316210045662
"_MG_Passa Quatro","Passa Quatro","MG",-22.39,-44.97,1040,18.287796803653,13.9831050228311,78.0180365296804,90102.6744292237,204.226255707763,87.9247716894977,87.2461187214612,1.97610730593607
"_MG_Passos","Passos","MG",-20.75,-46.63,875,20.6711073059361,15.2118378995434,74.0772831050228,92662.7140410959,209.231506849315,87.5243150684932,91.5167808219178,1.82188356164384
"_MG_Patrocinio","Patrocínio","MG",-18.94,-46.99,976,20.3214497716895,14.1556050228311,71.5167808219178,90610.2305936073,209.103538812785,85.5068493150685,94.1812785388128,1.70412100456621
"_MG_Pirapora AP","Pirapora AP","MG",-17.34,-44.94,489,23.7234360730594,17.3204337899543,70.3851598173516,95664.2853881279,235.955707762557,110.866324200913,90.7077625570776,1.38029680365297
"_MG_Rio Pardo de Minas","Rio Pardo de Minas","MG",-15.72,-42.44,853,21.5782191780822,15.9963698630137,72.4316210045662,92000.0074200913,206.088127853881,88.2690639269406,95.6147260273973,2.41116438356164
"_MG_Sacramento","Sacramento","MG",-19.86,-47.44,912,21.7976255707763,14.1209817351598,65.2562785388128,91269.0884703196,220.737557077626,97.1510273972603,90.6405251141553,2.34525114155251
"_MG_Salinas","Salinas","MG",-16.17,-42.29,495,23.2709474885845,17.000901826484,71.3420091324201,95884.5987442922,215.117465753425,97.1986301369863,92.9970319634703,1.08557077625571
"_MG_Sao Joao del Rei","São João del Rei","MG",-21.14,-44.26,991,19.3591552511416,14.8363242009132,77.6150684931507,91019.9571917808,193.95799086758,74.0932648401827,93.3469178082192,2.4787899543379
"_MG_Sao Romao","São Romão","MG",-16.37,-45.07,460,24.0201826484018,18.4263698630137,73.5777397260274,95776.0816210046,234.703424657534,111.064155251142,92.1498858447489,1.35469178082192
"_MG_Serra dos Aimores","Serra dos Aimorés","MG",-17.78,-40.25,208,23.2579794520548,19.1863812785388,79.8295662100457,99185.3595890411,199.796917808219,76.3215753424657,98.9302511415525,2.65237442922374
"_MG_Teofilo Otoni","Teófilo Otoni","MG",-17.86,-41.51,475,22.388002283105,17.7653310502283,77.023401826484,96258.2260273973,193.864611872146,74.3753424657534,95.1204337899543,1.63663242009132
"_MG_Timoteo","Timóteo","MG",-19.58,-42.64,333,22.8323744292237,17.2180821917808,71.7602739726027,95940.8476027397,179.698630136986,63.7817351598174,93.534703196347,1.13442922374429
"_MG_Tres Marias","Três Marias","MG",-18.21,-45.24,921,21.9679223744292,16.1118721461187,71.541894977169,91134.095890411,220.275228310502,94.8948630136986,94.287899543379,2.67930365296804
"_MG_Uberlandia","Uberlândia","MG",-18.92,-48.28,869,22.9453652968037,13.7062214611872,59.4102739726027,91705.2933789954,256.65502283105,112.274315068493,107.179337899543,2.03304794520548
"_MG_Unai AP","Unaí AP","MG",-16.36,-46.91,631,23.4338242009132,17.0215525114155,70.2697488584475,94146.6044520548,224.6399543379,102.111872146119,94.2189497716895,1.68827625570776
"_MG_Varginha","Varginha","MG",-21.55,-45.43,955,19.5525342465753,14.1352853881279,73.5522831050228,90922.7066210046,198.063812785388,76.2952054794521,93.4533105022831,1.84352739726027
"_MG_Vicosa","Viçosa","MG",-20.75,-42.88,712,19.990502283105,16.0424315068493,80.1179223744292,93689.8401826484,179.383904109589,62.9768264840183,94.8614155251142,0.857579908675799
"_MS_Amambai","Amambai","MS",-23,-55.33,431,21.938196347032,15.8156050228311,71.7713470319635,96329.0523972603,204.038470319635,88.6869863013699,86.9703196347032,2.2062100456621
"_MS_Campo Grande Intl AP","Campo Grande Intl AP","MS",-20.44,-54.65,530,23.4477283105023,15.7755593607306,65.691095890411,95251.6341324201,206.942123287671,85.4254566210046,93.0876712328767,3.45815068493151
"_MS_Chapadao do Sul","Chapadão do Sul","MS",-18.79,-52.62,818,22.3960730593607,15.9412100456621,69.6512557077626,92386.2928082192,208.539155251142,88.3181506849315,91.5065068493151,2.19494292237443
"_MS_Corumba Intl AP","Corumbá Intl AP","MS",-19.01,-57.65,126,25.9027283105023,18.5591780821918,65.9929223744292,99796.4280821918,218.262671232877,95.1375570776256,92.7579908675799,2.14229452054795
"_MS_Coxim","Coxim","MS",-18.3,-54.44,252,24.7147945205479,18.7232876712329,71.610502283105,98360.4257990868,221.729452054795,99.6202054794521,90.5186073059361,1.26705479452055
"_MS_Dourados","Dourados","MS",-22.22,-54.81,469,22.6856278538813,15.902796803653,68.9525114155251,96004.5705479452,207.56198630137,89.1852739726027,88.1622146118721,2.45138127853881
"_MS_Ivinhema","Ivinhema","MS",-22.31,-53.81,373,23.6878652968037,16.2319863013699,65.6942922374429,96925.5084474886,212.683789954338,91.8795662100457,89.4014840182648,2.83762557077626
"_MS_Juti","Juti","MS",-22.86,-54.61,379,22.8866780821918,16.9339611872146,71.9077625570776,96962.9617579909,188.28595890411,72.1414383561644,90.1360730593607,0.363002283105023
"_MS_Miranda","Miranda","MS",-20.24,-56.38,140,24.611404109589,17.4373630136986,68.4146118721461,99636.4932648402,215.150114155251,94.1400684931507,90.9384703196347,1.24305936073059
"_MS_Nhumirim","Nhumirim","MS",-18.99,-56.62,104,24.8829794520548,19.4204223744292,75.1252283105023,99973.3578767123,206.015296803653,80.2150684931507,95.9044520547945,1.7352397260274
"_MS_Ponta Pora","Ponta Porã","MS",-22.54,-55.73,650,21.2907762557078,14.6114726027397,69.559703196347,93752.876369863,196.927283105023,80.578196347032,89.5571917808219,2.55712328767123
"_MS_Porto Murtinho AP","Porto Murtinho AP","MS",-21.7,-57.88,85,25.4372374429224,17.5109931506849,65.2254566210046,100184.326484018,209.767922374429,90.3091324200913,89.7235159817352,2.08966894977169
"_MS_Rio Brilhante","Rio Brilhante","MS",-21.78,-54.53,329,23.2889269406393,16.5877739726027,70.1986301369863,97531.3723744292,211.842465753425,92.941894977169,88.7167808219178,1.69280821917808
"_MS_Sete Quedas","Sete Quedas","MS",-23.97,-55.02,402,22.3367694063927,15.585296803653,68.6125570776256,96715.0982876712,209.783561643836,93.8960045662101,84.1189497716895,2.81114155251142
"_MS_Sidrolandia","Sidrolândia","MS",-20.98,-54.97,464,23.3403652968037,17.3791894977169,71.8829908675799,95868.4623287671,209.520662100457,91.2909817351598,89.037899543379,2.17623287671233
"_MS_Tres Lagoas AP","Três Lagoas AP","MS",-20.75,-51.68,313,24.3503881278539,16.3810844748858,64.2961187214612,97613.5239726027,205.09303652968,84.7285388127854,93.3856164383562,1.43442922374429
"_MT_Agua Boa","Água Boa","MT",-14.05,-52.16,432,24.9493607305936,19.2605593607306,73.827397260274,96184.144977169,209.641438356164,87.1506849315068,97.0227168949772,2.2012100456621
"_MT_Alto Taquari","Alto Taquari","MT",-17.82,-53.29,875,22.3368835616438,15.141997716895,68.2860730593607,91524.2326484018,208.092922374429,84.4084474885845,95.7928082191781,1.78130136986301
"_MT_Apiacas","Apiacás","MT",-9.54,-57.45,220,25.652796803653,20.9269748858447,78.2442922374429,98645.3369863014,194.699771689498,72.9114155251142,102.001826484018,0.868698630136986
"_MT_Campo Novo do Parecis","Campo Novo do Parecis","MT",-13.68,-57.89,570,24.0810616438356,17.4743607305936,69.722602739726,95211.3767123288,205.819178082192,83.1232876712329,98.0788812785388,1.50821917808219
"_MT_Campo Verde","Campo Verde","MT",-15.55,-55.17,749,23.0364383561644,16.3136301369863,70.6490867579909,92931.9337899543,197.991552511416,76.9977168949772,97.0474885844749,2.81246575342466
"_MT_Carlinda","Carlinda","MT",-9.97,-55.83,300,25.4958789954338,20.651301369863,77.0938356164384,97768.850456621,199.416780821918,78.4930365296804,96.9751141552511,1.25486301369863
"_MT_Comodoro","Comodoro","MT",-13.66,-59.79,591,22.4294520547945,18.5782762557078,81.2586757990868,94632.6539954338,206.564155251142,83.5495433789954,98.7808219178082,1.56318493150685
"_MT_Confresa","Confresa","MT",-10.65,-51.57,237,26.1360273972603,20.621803652968,74.5469178082192,98467.0582191781,205.986643835616,85.5369863013699,97.4767123287671,1.30675799086758
"_MT_Cotriguacu","Cotriguaçu","MT",-9.86,-58.41,261,24.6233789954338,20.5852283105023,81.4142694063927,98143.0296803653,186.55399543379,65.9084474885845,102.667922374429,1.15311643835616
"_MT_Cuiaba","Cuiabá","MT",-15.62,-56,151,26.26649543379,19.8272488584475,70.5925799086758,99401.6681506849,210.287442922374,86.8658675799087,98.6101598173516,1.95102739726027
"_MT_Gaucha do Norte","Gaúcha do Norte","MT",-13.18,-53.26,379,25.2183105022831,19.5186187214612,73.8538812785388,96868.946347032,215.219178082192,92.0561643835617,97.5737442922374,1.35438356164384
"_MT_Guaranta do Norte","Guarantã do Norte","MT",-9.79,-54.91,320,25.0424429223744,20.6430251141553,79.1025114155251,97952.1124429224,175.977168949772,54.6132420091324,107.485159817352,1.5936301369863
"_MT_Guiratinga","Guiratinga","MT",-16.34,-53.77,526,24.6950342465753,16.8433447488584,66.5897260273973,95300.7785388128,186.818721461187,77.7772831050228,89.8288812785388,1.16807077625571
"_MT_Itiquira","Itiquira","MT",-17.18,-54.5,585,24.023002283105,17.9747488584475,71.975,94608.2871004566,217.295662100457,97.4720319634703,89.6328767123288,2.63135844748858
"_MT_Juara","Juara","MT",-11.26,-57.52,260,25.882203196347,20.090605022831,74.2888127853881,98086.4115296804,202.490867579909,80.1337899543379,99.090296803653,1.08501141552511
"_MT_Juina","Juína","MT",-11.38,-58.74,200,24.8458447488584,20.5389155251142,79.1216894977169,96990.977739726,193.707648401826,73.3702054794521,102.370662100457,1.0760502283105
"_MT_Nova Maringa","Nova Maringá","MT",-13.04,-57.09,353,26.3319520547945,21.263698630137,76.2708904109589,97322.5644977169,189.139497716895,67.110502283105,101.369520547945,1.4460502283105
"_MT_Novo Mundo","Novo Mundo","MT",-12.52,-58.23,431,24.7722831050228,18.4697831050228,71.9875570776256,96266.4921232877,211.994063926941,89.1412100456621,97.9482876712329,2.5838698630137
"_MT_Paranatinga","Paranatinga","MT",-14.43,-54.05,474,24.454897260274,17.3530479452055,69.8085616438356,95776.4902968036,223.922374429224,102.016780821918,92.441894977169,1.82549086757991
"_MT_Pontes de Lacerda","Pontes de Lacerda","MT",-15.25,-59.35,256,25.3374543378995,19.8975228310502,74.1994292237443,98014.8944063927,204.851141552511,86.8414383561644,93.2947488584475,1.31415525114155
"_MT_Porto Estrela","Porto Estrela","MT",-15.32,-57.23,145,25.3958561643836,19.7599315068493,74.775799086758,99439.4078767123,211.092465753425,88.0311643835616,99.2786529680365,1.08632420091324
"_MT_Querencia","Querência","MT",-12.63,-52.22,382,25.028904109589,19.9488584474886,76.5850456621005,97076.2111872146,212.920205479452,92.4732876712329,96.0051369863014,1.28214611872146
"_MT_Rondonopolis","Rondonópolis","MT",-16.47,-54.64,284,25.4920205479452,18.5147716894977,68.4361872146119,97914.2651826484,210.739840182648,87.6200913242009,97.5087899543379,2.20912100456621
"_MT_Salto do Ceu","Salto do Céu","MT",-15.12,-58.13,303,24.5636301369863,19.7338470319635,77.0764840182648,97726.6512557078,193.955707762557,77.5348173515982,95.7431506849315,1.63240867579909
"_MT_Santo Antonio do Leste","Santo Antônio do Leste","MT",-14.93,-53.88,648,23.6825228310502,17.8006621004566,72.8888127853881,93779.4149543379,222.655936073059,101.425570776256,92.5073059360731,2.54816210045662
"_MT_Sao Felix do Araguaia","São Félix do Araguaia","MT",-11.62,-50.73,218,26.2232191780822,18.1789269406393,66.1755707762557,98836.7166666667,226.3899543379,104.448515981735,93.2958904109589,1.36638127853881
"_MT_Sao Jose do Rio Claro","São José do Rio Claro","MT",-13.45,-56.72,350,24.7784246575342,19.6532077625571,76.0939497716895,97340.7714611872,188.891894977169,66.7659817351598,101.32796803653,1.48853881278539
"_MT_Sinop","Sinop","MT",-11.86,-55.5,371,25.0781392694064,18.4890182648402,71.6083333333333,96965.0226027397,216.19200913242,93.977397260274,95.688698630137,1.97213470319635
"_MT_Sorriso","Sorriso","MT",-12.55,-55.71,380,25.3619178082192,18.9670433789954,70.947602739726,96931.4788812785,216.202739726027,94.0944063926941,95.0212328767123,2.26190639269406
"_MT_Tangara da Serra","Tangará da Serra","MT",-14.62,-57.49,322,24.6294863013699,18.3128767123288,70.9662100456621,96217.1348173516,205.726255707763,83.1933789954338,97.3682648401826,3.04319634703196
"_MT_Vila Bela da Santissima Trindade","Vila Bela da Santíssima Trindade","MT",-15.01,-59.95,222,24.8040410958904,19.4520319634703,75.1818493150685,98691.4189497717,212.555136986301,95.5464611872146,91.612899543379,1.22691780821918
"_PA_Belem","Belém","PA",-1.46,-48.5,24,27.1596118721461,23.3148630136986,80.4166666666667,100806.477739726,181.2350456621,63.276598173516,103.901141552511,0.986426940639269
"_PA_Braganca","Bragança","PA",-1.05,-46.78,33,26.4739155251142,22.698904109589,80.7425799086758,100665.848744292,196.430136986301,73.1446347031963,104.130593607306,1.77253424657534
"_PA_Cameta","Cametá","PA",-2.25,-49.49,22,27.2163584474886,22.9716095890411,78.6042237442922,101004.693493151,223.579452054795,101.31198630137,97.621803652968,1.59609589041096
"_PA_Castanhal","Castanhal","PA",-1.3,-47.92,65,26.2037899543379,22.689600456621,82.1455479452055,100564.131278539,224.157876712329,99.3873287671233,102.808105022831,2.41140410958904
"_PA_Conceicao do Araguaia","Conceição do Araguaia","PA",-6.28,-49.27,180,26.7669063926941,20.8141780821918,73.1478310502283,99080.9044520548,203.107762557078,81.6852739726027,99.6269406392694,1.35945205479452
"_PA_Itaituba","Itaituba","PA",-4.28,-55.99,13,26.8622146118721,22.8245091324201,79.7130136986301,100749.019406393,200.029794520548,81.835502283105,95.4657534246575,0.927876712328767
"_PA_Maraba","Marabá","PA",-5.37,-49.12,84,26.4940182648402,22.3106164383562,79.4535388127854,99746.2955479452,205.510616438356,82.4141552511416,99.2921232876712,1.13489726027397
"_PA_Novo Repartimento","Novo Repartimento","PA",-4.26,-49.93,113,26.3190639269406,22.2271232876712,79.6810502283105,99801.3162100457,194.95696347032,71.4428082191781,101.305821917808,1.60883561643836
"_PA_Pacaja","Pacajá","PA",-3.84,-50.64,108,26.0978196347032,22.0905251141553,80.1231735159817,100022.270890411,187.505707762557,63.4542237442922,104.03904109589,1.087100456621
"_PA_Paragominas","Paragominas","PA",-3.01,-47.34,101,26.3699429223744,21.6820433789954,77.4552511415525,100102.21803653,218.672374429224,91.1599315068493,104.317237442922,1.55818493150685
"_PA_Placas","Placas","PA",-3.86,-54.22,96,26.2666666666667,22.1831392694064,79.8745433789954,99904.5296803653,184.997831050228,61.627397260274,103.336415525114,1.02695205479452
"_PA_Rondon do Para","Rondon do Pará","PA",-4.78,-48.07,221,26.3382762557078,20.86350456621,73.9732876712329,98492.1855022831,200.709931506849,76.2791095890411,103.999657534247,1.58849315068493
"_PA_Salinopolis","Salinópolis","PA",-0.62,-47.35,20,27.1619748858447,22.9893264840183,78.3035388127854,100881.047374429,197.014269406393,75.3947488584475,102.523858447489,3.00891552511416
"_PA_Santana do Araguaia","Santana do Araguaia","PA",-9.34,-50.33,168,26.3313584474886,20.9792808219178,75.2829908675799,99087.2351598174,196.258219178082,74.5845890410959,100.832534246575,1.29057077625571
"_PA_Serra dos Carajas","Serra dos Carajás","PA",-6.08,-50.14,719,23.6649200913242,19.8052625570776,80.1035388127854,93219.5359589041,177.174543378995,59.0275114155251,103.424086757991,2.97686073059361
"_PA_Soure","Soure","PA",-0.81,-48.52,11,28.0755251141553,23.510102739726,76.4428082191781,100950.870205479,232.896461187215,110.565410958904,96.3595890410959,2.7398401826484
"_PA_Tome Acu","Tomé Açu","PA",-2.59,-48.36,38,25.997796803653,22.0868835616438,80.1626712328767,100572.400570776,209.275570776256,81.1036529680365,106.567237442922,1.03090182648402
"_PA_Tucurui","Tucuruí","PA",-3.82,-49.68,148,27.3615639269406,22.7688698630137,77.1792237442922,99412.321347032,200.032876712329,79.0900684931507,100.883789954338,1.38140410958904
"_PB_Areia","Areia","PB",-6.96,-35.69,575,22.4722146118721,19.9692579908676,86.7294520547945,94820.1391552511,205.488698630137,81.1841324200913,106.762214611872,3.98973744292237
"_PB_Cabaceiras","Cabaceiras","PB",-7.48,-36.29,436,25.37600456621,18.9877739726027,70.7525114155251,96825.0559360731,233.693949771689,106.427168949772,101.90102739726,2.88318493150685
"_PB_Camaratuba","Camaratuba","PB",-6.61,-35.13,136,24.8513470319635,21.2056278538813,81.0737442922374,99728.747716895,221.112328767123,92.8090182648402,105.131849315068,3.42853881278539
"_PB_Campina Grande","Campina Grande","PB",-7.23,-35.88,548,23.6234246575342,19.2302397260274,78.1625570776256,95182.5279680365,222.26095890411,95.6497716894977,104.697374429224,3.09546803652968
"_PB_Joao Pessoa","João Pessoa","PB",-7.11,-34.86,44,26.0154566210046,21.4774771689498,76.5497716894977,100796.359589041,234.148744292237,107.730251141553,100.453424657534,2.4312100456621
"_PB_Monteiro","Monteiro","PB",-7.89,-37.12,604,24.239703196347,17.3461187214612,68.7917808219178,94507.9514840183,246.654680365297,121.367922374429,96.5890410958904,2.60700913242009
"_PB_Patos","Patos","PB",-7.02,-37.28,249,27.2438127853881,18.4267465753425,62.0544520547945,98255.9492009132,253.687328767123,128.145433789954,94.0650684931507,2.86461187214612
"_PB_Sao Goncalo","São Gonçalo","PB",-6.84,-38.31,234,26.8294178082192,19.0590296803653,65.5334474885845,98522.9650684932,256.546232876712,130.32899543379,93.0335616438356,1.66952054794521
"_PE_Arcoverde","Arcoverde","PE",-8.42,-37.05,681,23.5866666666667,16.7062671232877,68.6270547945205,93675.5998858447,233.7899543379,108.310730593607,98.4631278538813,3.10035388127854
"_PE_Cabrobo","Cabrobó","PE",-8.5,-39.31,342,26.7803082191781,18.144497716895,62.7434931506849,97339.6575342466,235.364269406393,108.563584474886,99.9837899543379,3.09469178082192
"_PE_Caruaru","Caruaru","PE",-8.24,-35.99,550,23.3396803652968,18.4611757990868,76.2222602739726,94924.3310502283,220.138926940639,92.4622146118721,105.240867579909,2.84324200913242
"_PE_Floresta","Floresta","PE",-8.61,-38.59,329,26.6028767123288,18.783299086758,66.4866438356164,97472.4332191781,231.846575342466,103.99703196347,101.540410958904,2.95252283105023
"_PE_Garanhuns","Garanhuns","PE",-8.89,-36.49,823,21.0392465753425,17.3805593607306,81.7245433789954,92216.0799086758,212.6649543379,88.2247716894977,104.350913242009,3.10769406392694
"_PE_Ibimirim","Ibimirim","PE",-8.51,-37.71,448,25.5997260273973,17.6949086757991,65.6147260273973,96379.3875570776,237.636187214612,113.592579908676,97.7389269406393,2.554600456621
"_PE_Palmares","Palmares","PE",-8.67,-35.57,180,25.0530136986301,20.7226369863014,78.6119863013699,99423.4851598174,205.234931506849,76.1703196347032,109.792123287671,2.10425799086758
"_PE_Petrolina","Petrolina","PE",-9.39,-40.51,370,26.9104109589041,17.2337785388128,58.0662100456621,97027.9543378995,230.654680365297,103.74703196347,100.375799086758,3.07956621004566
"_PE_Recife","Recife","PE",-8.05,-34.88,10,25.75100456621,20.87600456621,75.2156392694064,101239.189726027,271.102054794521,136.879109589041,98.8626712328767,1.82907534246575
"_PE_Serra Talhada","Serra Talhada","PE",-7.95,-38.29,461,25.2619634703196,17.5518264840183,66.0005707762557,95643.1381278539,225.975456621005,100.810388127854,101.548744292237,2.25892694063927
"_PE_Surubim","Surubim","PE",-7.84,-35.79,418,24.2186301369863,19.5640068493151,77.6223744292237,96578.0776255708,229.925456621005,100.740867579909,103.738926940639,3.33272831050228
"_PI_Alvorada do Gurgueia","Alvorada do Gurguéia","PI",-8.44,-43.86,270,26.3053538812785,19.4236301369863,68.4542237442922,98138.4965753425,234.764383561644,109.862899543379,95.963698630137,1.75721461187215
"_PI_Bom Jesus do Piaui","Bom Jesus do Piaui","PI",-9.07,-44.36,331,26.3915525114155,18.7593949771689,67.6908675799087,97769.5901826484,225.825114155251,101.417808219178,97.0625570776256,1.69719178082192
"_PI_Caracol","Caracol","PI",-9.29,-43.32,100,24.695605022831,16.4434817351598,64.4917808219178,99205.4332191781,238.347831050228,113.837785388128,94.1966894977169,2.00610730593607
"_PI_Castelo do Piaui","Castelo do Piaui","PI",-5.35,-41.51,286,27.3262328767123,19.0531506849315,64.6213470319635,98068.5525114155,238.284931506849,111.218150684932,99.1730593607306,2.04720319634703
"_PI_Esperantina","Esperantina","PI",-3.9,-42.26,65,26.981095890411,21.266598173516,74.4594748858448,100066.398515982,236.185159817352,111.308105022831,99.0014840182648,1.53690639269406
"_PI_Floriano","Floriano","PI",-6.77,-43.02,123,27.584098173516,19.6577283105023,65.5694063926941,99687.052283105,217.347260273973,94.5963470319635,98.1114155251142,1.40270547945205
"_PI_Gilbues","Gilbués","PI",-9.87,-45.35,425,26.4936529680365,17.9531621004566,63.2952054794521,96344.4874429224,246.440410958904,121.200799086758,93.5632420091324,2.44680365296804
"_PI_Oeiras","Oeiras","PI",-6.97,-42.15,156,26.7957762557078,19.3521917808219,68.226598173516,99354.6045662101,228.906392694064,104.25901826484,97.846803652968,1.64802511415525
"_PI_Parnaiba","Parnaíba","PI",-2.9,-41.78,80,27.3445319634703,21.8301141552511,73.375799086758,100458.733447489,229.08904109589,98.7116438356164,104.92899543379,3.1152397260274
"_PI_Paulistana","Paulistana","PI",-8.14,-41.15,374,27.5810844748858,16.7380251141553,54.9551369863014,96915.0918949772,250.38595890411,124.857534246575,92.3960045662101,3.31834474885845
"_PI_Picos","Picos","PI",-7.07,-41.4,233,28.2181392694064,17.7161757990868,57.3465753424658,98496.1655251141,235.181164383562,109.362785388128,98.4057077625571,2.15941780821918
"_PI_Piripiri","Piripiri","PI",-4.27,-41.78,161,27.9036301369863,19.6559246575342,65.5704337899543,99182.9942922374,249.539497716895,123.642808219178,95.7457762557078,1.51753424657534
"_PI_Sao Joao do Piaui","São João do Piauí","PI",-8.36,-42.25,235,28.2401141552511,16.9654223744292,54.5721461187215,98426.4006849315,246.828196347032,121.355251141553,93.2684931506849,2.0761301369863
"_PI_Sao Pedro do Piaui","São Pedro do Piauí","PI",-5.91,-42.72,287,26.2346118721461,20.3014840182648,72.3825342465753,97780.6510273973,230.562785388128,104.852283105023,98.4037671232877,1.6601598173516
"_PI_Sao Raimundo Nonato","São Raimundo Nonato","PI",-9.03,-42.7,402,27.0342465753425,17.3237899543379,58.6220319634703,96860.3242009132,237.247488584475,111.899315068493,95.12899543379,1.69454337899543
"_PI_Teresina","Teresina","PI",-5.09,-42.8,74,27.6931621004566,20.2638470319635,68.4739726027397,100139.070776256,236.631849315069,109.032191780822,100.097831050228,1.30487442922374
"_PI_Urucui","Uruçuí","PI",-7.47,-44.34,393,25.8140525114155,18.9274315068493,69.1009132420091,96687.0034246575,220.547260273973,98.8229452054795,96.3721461187215,1.06926940639269
"_PI_Valenca do Piaui","Valença do Piauí","PI",-6.4,-41.74,301,27.0664840182648,18.5175114155251,63.209703196347,97598.1107305936,224.917922374429,100.418607305936,99.6030821917808,1.70617579908676
"_PR_Castro","Castro","PR",-24.79,-50.01,1008,16.8743721461187,13.1909474885845,81.0785388127854,90450.2899543379,178.077853881279,65.5875570776256,88.1095890410959,1.83075342465753
"_PR_Cidade Gaucha","Cidade Gaúcha","PR",-23.36,-52.93,381,22.8206621004566,15.7752853881279,67.4568493150685,97126.5385844749,201.670662100457,81.5974885844749,91.7421232876712,1.9737100456621
"_PR_Clevelandia","Clevelândia","PR",-26.42,-52.35,980,17.5685273972603,12.9849429223744,76.6198630136986,90633.6856164383,191.416095890411,75.5269406392694,88.315296803653,2.90779680365297
"_PR_Curitiba","Curitiba","PR",-25.43,-49.27,924,17.3807762557078,13.2465639269406,78.7359589041096,91207.6807077626,170.186872146119,58.9694063926941,88.3194063926941,2.17747716894977
"_PR_Diamante do Norte","Diamante do Norte","PR",-22.64,-52.89,362,22.7949771689498,16.2388584474886,69.3066210045662,97095.1744292237,216.12602739726,94.0171232876712,90.6052511415525,2.95127853881279
"_PR_Dois Vizinhos","Dois Vizinhos","PR",-25.69,-53.09,520,20.0176484018265,14.5752054794521,73.415296803653,95112.6278538813,204.886073059361,87.4149543378995,88.2086757990868,2.76511415525114
"_PR_Foz do Iguacu-Cataratas Intl AP","Foz do Iguaçu-Cataratas Intl AP","PR",-25.6,-54.48,231,21.5412899543379,17.3958904109589,79.5086757990868,98522.701369863,184.659246575342,71.3124429223744,87.1195205479452,2.71736301369863
"_PR_General Carneiro","General Carneiro","PR",-26.4,-51.35,1018,15.8416095890411,12.8493835616438,84.422602739726,90305.2832191781,159.014269406393,55.1357305936073,82.0962328767123,1.36051369863014
"_PR_Ibaiti","Ibaiti","PR",-23.77,-50.18,930,20.2146689497717,14.5773287671233,72.3474885844749,90707.7942922374,197.6649543379,78.7488584474886,90.566894977169,2.54585616438356
"_PR_Icaraima","Icaraíma","PR",-23.4,-53.61,385,22.415399543379,15.8702397260274,69.6215753424657,96968.4657534247,205.317237442922,89.7143835616438,85.7922374429224,3.06945205479452
"_PR_Ilha do Mel","Ilha do Mel","PR",-25.57,-48.32,1,21.0625228310502,18.3938242009132,85.0813926940639,101521.204680365,168.952283105023,62.5576484018265,83.4888127853881,2.69659817351598
"_PR_Inacio Martins","Inácio Martins","PR",-25.57,-51.08,1260,16.2895319634703,12.9451369863014,82.1972602739726,88118.4885844749,178.762442922374,67.7099315068493,86.1594748858447,2.68655251141553
"_PR_Ivai","Ivaí","PR",-25.01,-50.86,808,19.090502283105,14.6735844748858,77.9712328767123,92430.0140410959,185.254566210046,69.1783105022831,89.550799086758,1.77785388127854
"_PR_Joaquim Tavora","Joaquim Távora","PR",-23.5,-49.9,522,20.5111301369863,15.3140182648402,74.3143835616438,95561.5399543379,202.808561643836,81.5883561643836,91.6102739726027,2.78029680365297
"_PR_Londrina","Londrina","PR",-23.38,-51.18,566,21.8308105022831,16.8375570776256,76.9772831050228,94708,171.541780821918,52.9037671232877,96.5357305936073,2.33082191780822
"_PR_Marechal Candido Rondon","Marechal Cândido Rondon","PR",-24.56,-54.06,392,21.4030707762557,15.5574429223744,72.0905251141553,96793.801369863,202.553196347032,83.3640410958904,90.07899543379,3.35662100456621
"_PR_Maringa","Maringá","PR",-23.42,-51.94,542,23.0270319634703,15.5923744292237,65.5348173515982,95206.998173516,206.787557077626,83.8761415525114,92.4099315068493,2.23294520547945
"_PR_Nova Fatima","Nova Fátima","PR",-23.43,-50.56,668,20.7706392694064,14.7581849315068,70.8618721461187,93848.4230593607,210.764611872146,88.9550228310502,90.1300228310502,3.12917808219178
"_PR_Nova Tebas","Nova Tebas","PR",-24.44,-51.94,654,20.2017351598174,14.7218835616438,72.9328767123288,93957.8005707762,211.787442922374,91.0075342465753,90.0215753424658,0
"_PR_Paranapoema","Paranapoema","PR",-22.49,-52.13,311,22.8675114155251,16.4039726027397,69.7915525114155,97761.0413242009,212.484589041096,90.1570776255708,91.685502283105,3.012899543379
"_PR_Planalto","Planalto","PR",-25.72,-53.75,346,21.3246689497717,15.5246118721461,71.9700913242009,96760.5460045662,198.66700913242,82.063698630137,88.4784246575342,2.92912100456621
"_RJ_Arraial do Cabo","Arraial do Cabo","RJ",-22.97,-42.03,4,22.9305479452055,20.002796803653,83.6455479452055,101512.113584475,199.573287671233,86.2420091324201,84.666894977169,3.77474885844749
"_RJ_Cambuci","Cambuci","RJ",-21.58,-41.91,35,23.3041210045662,18.6172716894977,76.552397260274,100905.625684932,195.650228310502,78.7244292237443,91.1882420091324,2.4560502283105
"_RJ_Campos dos Goytacazes","Campos dos Goytacazes","RJ",-21.75,-41.32,25,24.0134703196347,20.1574429223744,80.5262557077626,101231.082191781,200.388584474886,81.8086757990868,92.3938356164384,3.10944063926941
"_RJ_Duque de Caxias-Xerem","Duque de Caxias-Xerém","RJ",-22.57,-43.3,0,23.0534703196347,19.0604223744292,80.3283105022831,101221.893949772,167.082648401826,59.2937214611872,87.6751141552511,0.912853881278539
"_RJ_Farol de Sao Tome","Farol de São Tomé","RJ",-22.04,-41.05,4,23.7887785388128,19.8755136986301,79.1779680365297,101495.142123288,212.717808219178,95.1868721461187,85.787100456621,3.78567351598174
"_RJ_Macae","Macaé","RJ",-22.37,-41.79,32,23.5709817351598,20.0995662100457,81.9227168949772,101152.658105023,196.878881278539,83.1103881278539,88.5610730593607,2.42450913242009
"_RJ_Niteroi","Niterói","RJ",-22.91,-43.13,13,21.9460273972603,17.774497716895,77.5383561643836,101461.498287671,181.463812785388,69.8625570776256,87.2098173515982,1.79505707762557
"_RJ_Paraty","Paraty","RJ",-23.22,-44.71,4,22.0119292237443,18.9000570776256,83.4944063926941,101478.960159817,180.613242009132,72.1872146118722,83.4785388127854,1.60398401826484
"_RJ_Petropolis-Pico do Couto","Petrópolis-Pico do Couto","RJ",-22.46,-43.3,1777,13.6024885844749,11.7637785388128,89.5131278538813,82705.0057077626,171.149543378995,59.6684931506849,88.6214611872146,4.69872146118721
"_RJ_Resende","Resende","RJ",-22.47,-44.45,440,20.7014611872146,16.9339726027397,81.2889269406393,96498.8613013699,173.443721461187,65.5222602739726,86.4231735159817,1.80549086757991
"_RJ_Rio de Janeiro-Vila Militar","Rio de Janeiro-Vila Militar","RJ",-22.86,-43.41,45,23.1511529680365,18.6915867579909,78.2881278538813,101211.732876712,181.588470319635,72.8231735159817,84.0939497716895,1.36852739726027
"_RJ_Teresopolis","Teresópolis","RJ",-22.41,-42.97,980,17.8371347031963,14.9137442922374,84.4019406392694,90768.2819634703,168.79098173516,67.462100456621,80.5844748858448,0.999132420091324
"_RJ_Valenca","Valença","RJ",-22.25,-43.7,367,22.1445205479452,17.5551826484018,77.3206621004566,97399.8681506849,193.98801369863,82.4261415525114,87.7791095890411,1.51825342465753
"_RN_Apodi","Apodi","RN",-5.63,-37.83,150,26.7620890410959,20.3271461187215,71.0969178082192,99730.5559360731,253.845776255708,126.957305936073,94.2914383561644,2.59901826484018
"_RN_Caico","Caicó","RN",-6.46,-37.1,170,27.7742237442922,18.2363470319635,59.872602739726,99243.3247716895,253.290410958904,127.077739726027,95.0068493150685,3.1274200913242
"_RN_Macau","Macau","RN",-5.11,-36.63,3,26.9024315068493,21.3856506849315,72.8220319634703,101147.059474886,233.880136986301,106.727625570776,101.207420091324,4.2250799086758
"_RN_Mossoro","Mossoró","RN",-5.19,-37.34,36,26.7114155251142,20.9638470319635,72.3116438356164,100861.835045662,250.780479452055,125.020547945205,93.952397260274,3.31834474885845
"_RN_Natal","Natal","RN",-5.8,-35.21,49,26.9024315068493,21.3859246575342,72.8211187214612,101147.059474886,233.906164383562,106.741666666667,101.053652968037,4.22530821917808
"_RN_Touros","Touros","RN",-5.16,-35.49,17,26.8405936073059,22.2895776255708,76.3595890410959,101089.037442922,254.870776255708,133.600228310502,90.6139269406393,6.5749200913242
"_RO_Ariquemes","Ariquemes","RO",-9.95,-62.96,140,25.6323744292237,21.8870433789954,82.0260273972603,99550.4374429224,194.320547945205,73.5680365296804,101.001598173516,1.36214611872146
"_RO_Cacoal","Cacoal","RO",-11.45,-61.43,210,26.1465525114155,20.6336757990868,74.5923515981735,98903.3692922374,192.938356164384,71.1313926940639,102.126369863014,1.27608447488584
"_RO_Porto Velho","Porto Velho","RO",-8.76,-63.9,95,25.9324315068493,22.4503424657534,82.6420091324201,100065.71347032,172.9149543379,57.6811643835616,99.7520547945205,1.40342465753425
"_RO_Vilhena","Vilhena","RO",-12.73,-60.16,590,24.2147488584475,18.9584817351598,74.7345890410959,94614.3316210046,187.798630136986,69.425,99.8465753424658,1.78617579908676
"_RR_Boa Vista","Boa Vista","RR",2.8,-60.65,90,27.0112214611872,22.1649885844749,76.5036529680365,100400.52739726,188.214497716895,72.034703196347,100.598287671233,1.52278538812785
"_RS_Alegrete","Alegrete","RS",-29.78,-55.79,121,19.1552283105023,13.6289269406393,73.2297945205479,100036.473858447,199.464611872146,83.8977168949772,85.2707762557078,2.53103881278539
"_RS_Bage","Bagé","RS",-31.33,-54.11,230,17.6299429223744,12.9386757990868,76.599200913242,98885.5339041096,194.111187214612,78.8133561643836,84.9058219178082,3.51699771689498
"_RS_Bento Goncalves","Bento Gonçalves","RS",-29.17,-51.52,640,17.1763242009132,12.8862442922374,77.6049086757991,94392.3641552511,183.191438356164,72.201598173516,83.8316210045662,2.83890410958904
"_RS_Cacapava do Sul","Caçapava do Sul","RS",-30.51,-53.49,420,17.5959474885845,13.2874200913242,77.9236301369863,96604.6221461187,193.262328767123,79.4449771689498,84.100799086758,3.93393835616438
"_RS_Camaqua","Camaquã","RS",-30.81,-51.83,108,17.920696347032,14.6474543378995,82.8211187214612,100473.580593607,172.40799086758,64.0672374429224,82.8085616438356,1.66263698630137
"_RS_Canela AP","Canela AP","RS",-29.37,-50.83,830,15.6426826484018,12.8318607305936,84.5700913242009,92052.6165525114,166.458904109589,60.8361872146119,81.3884703196347,2.87319634703196
"_RS_Cangucu","Canguçu","RS",-31.41,-52.7,464,16.2460502283105,13.1299543378995,83.3611872146119,96211.4726027397,168.742922374429,60.4956621004566,80.613698630137,5.1484703196347
"_RS_Chui","Chuí","RS",-33.74,-53.37,26,17.2418150684931,13.5724086757991,79.7747716894977,101350.974086758,186.978767123288,72.702397260274,82.3860730593607,3.71060502283105
"_RS_Cruz Alta","Cruz Alta","RS",-28.6,-53.67,432,18.5739383561644,13.2320547945205,74.0360730593607,96504.9269406393,201.109360730594,84.4361872146119,86.2182648401827,3.37527397260274
"_RS_Erechim","Erechim","RS",-27.63,-52.27,765,17.4528310502283,12.669703196347,75.8558219178082,92690.427739726,194.579337899543,79.4593607305936,86.4829908675799,2.18946347031963
"_RS_Frederico Westphalen","Frederico Westphalen","RS",-27.4,-53.43,490,19.2537442922374,13.8200456621005,73.3176940639269,95785.845890411,193.106506849315,78.8380136986301,85.9376712328767,2.00022831050228
"_RS_Jaguarao","Jaguarão","RS",-32.57,-53.38,47,17.8608789954338,13.7328538812785,78.7115296803653,101201.813584475,180.570890410959,67.7697488584475,83.62899543379,2.85618721461187
"_RS_Lagoa Vermelha","Lagoa Vermelha","RS",-28.22,-51.51,842,16.6194178082192,12.0912214611872,77.025799086758,92053.9188356164,185.408105022831,71.1573059360731,87.2053652968036,3.36263698630137
"_RS_Mostardas","Mostardas","RS",-31.25,-50.91,10,18.8712214611872,15.164897260274,79.583105022831,101523.607420091,199.57899543379,82.6167808219178,83.5711187214612,5.90738584474886
"_RS_Palmeira das Missoes","Palmeira das Missões","RS",-27.92,-53.32,642,18.3718150684932,13.132796803653,74.1186073059361,94401.2456621005,191.786301369863,77.109703196347,86.3728310502283,2.64719178082192
"_RS_Passo Fundo","Passo Fundo","RS",-28.26,-52.41,684,17.5004566210046,12.9122374429224,76.9051369863014,93687.3256849315,190.474771689498,77.4946347031964,84.6657534246575,3.61385844748858
"_RS_Porto Alegre","Porto Alegre","RS",-30.03,-51.23,47,20.0268607305936,14.9343607305936,74.0099315068493,100990.147031963,174.789269406393,66.5236301369863,82.6369863013699,1.54783105022831
"_RS_Quarai","Quaraí","RS",-30.37,-56.44,124,19.0513356164384,12.7076141552511,70.5215753424658,100060.269977169,196.570662100457,81.9170091324201,84.2079908675799,3.15813926940639
"_RS_Rio Pardo","Rio Pardo","RS",-29.87,-52.38,111,18.7920319634703,14.4579680365297,77.9412100456621,100252.387785388,185.835730593607,76.121803652968,81.2078767123288,2.86584474885845
"_RS_Santa Maria","Santa Maria","RS",-29.68,-53.81,95,19.041894977169,14.1674315068493,75.7246575342466,100306.176940639,178.984817351598,70.9004566210046,80.9561643835616,2.06111872146119
"_RS_Santana do Livramento","Santana do Livramento","RS",-30.89,-55.53,328,17.5811757990868,12.0338127853881,72.6083333333333,97679.1710045662,176.228082191781,68.5212328767123,80.8969178082192,3.13125570776256
"_RS_Santiago","Santiago","RS",-29.19,-54.89,394,18.6252625570776,14.084200913242,77.0351598173516,96828.9256849315,188.41095890411,75.6391552511415,83.2465753424657,3.34001141552511
"_RS_Santo Augusto","Santo Augusto","RS",-27.85,-53.78,550,19.0480821917808,11.7616666666667,64.6478310502283,95671.428652968,179.521118721461,70.1295662100457,83.4609589041096,3.27931506849315
"_RS_Sao Borja","São Borja","RS",-28.66,-56,83,20.6626484018265,14.0410502283105,68.8310502283105,100417.996575342,199.575114155251,82.7063926940639,86.9025114155251,2.88202054794521
"_RS_Sao Gabriel","São Gabriel","RS",-30.34,-54.31,126,19.0750570776256,13.22600456621,71.577397260274,100157.700913242,195.753767123288,81.2551369863014,84.5119863013699,2.13648401826484
"_RS_Sao Jose dos Ausentes","São José dos Ausentes","RS",-28.75,-50.07,1244,13.8006621004566,11.1194520547945,85.3397260273973,87803.3898401826,175.470433789954,66.3504566210046,84.5632420091324,6.15667808219178
"_RS_Sao Luiz Gonzaga","São Luiz Gonzaga","RS",-28.41,-54.96,245,20.2639840182648,13.6441894977169,68.927397260274,98528.1826484018,204.13002283105,86.4501141552511,86.9936073059361,2.735
"_RS_Soledade","Soledade","RS",-28.85,-52.54,667,17.4010730593607,13.3053881278539,78.8079908675799,93875.9343607306,180.609589041096,71.4518264840183,81.4793378995434,4.29939497716895
"_RS_Torres","Torres","RS",-29.33,-49.73,5,18.8530821917808,15.7991780821918,82.9176940639269,101476.81130137,186.056050228311,76.4771689497717,82.2434931506849,2.89058219178082
"_RS_Tramandai","Tramandaí","RS",-30.01,-50.14,1,18.9701141552511,15.8963584474886,82.701598173516,101506.202625571,184.094178082192,75.0213470319635,81.291095890411,4.75132420091324
"_RS_Uruguaiana","Uruguaiana","RS",-29.75,-57.09,62,19.5500913242009,13.7331735159817,72.2512557077626,100537.826484018,195.651826484018,80.7481735159817,85.2578767123288,1.89864155251142
"_RS_Vacaria","Vacaria","RS",-28.51,-50.88,986,15.6436529680365,12.2256164383562,82.1937214611872,90578.0011415525,174.522716894977,64.4963470319635,84.8827625570776,3.64009132420091
"_SC_Ararangua","Araranguá","SC",-28.93,-49.5,12,19.3691324200913,16.319703196347,82.8740867579909,101435.026255708,164.125570776256,58.2253424657534,82.9398401826484,2.14504566210046
"_SC_Cacador","Caçador","SC",-26.82,-50.84,952,16.4622146118721,11.714897260274,75.6310502283105,90916.5205479452,175.31404109589,63.6389269406393,87.2227168949772,1.88229452054795
"_SC_Curitibanos AP","Curitibanos AP","SC",-27.29,-50.6,982,16.0881849315068,12.3188584474886,80.1068493150685,90562.9729452055,178.569863013699,65.6897260273973,87.5328767123288,3.32530821917808
"_SC_Dionisio Cerqueira","Dionísio Cerqueira","SC",-26.29,-53.63,810,19.2001141552511,14.1846461187215,74.6998858447489,92243.1244292237,183.222488584475,71.7035388127854,85.0310502283105,3.65157534246575
"_SC_Florianopolis","Florianópolis","SC",-27.6,-48.55,2,20.9125456621005,16.0982420091324,74.7576484018265,101610.956621005,172.390867579909,61.8377853881279,85.0458904109589,2.43010273972603
"_SC_Indaial","Indaial","SC",-26.92,-49.27,86,19.9567123287671,16.864897260274,83.6826484018265,100733.723744292,155.182191780822,51.7585616438356,83.3132420091324,1.08239726027397
"_SC_Itapoa","Itapoá","SC",-26.12,-48.62,2,19.9431164383562,17.5905707762557,87.0232876712329,101507.433219178,156.85605022831,52.4536529680365,83.9195205479452,1.32917808219178
"_SC_Ituporanga","Ituporanga","SC",-27.42,-49.65,484,18.1508447488584,15.107203196347,84.0859589041096,95982.5371004566,190.136872146119,71.3598173515982,93.2310502283105,1.28696347031963
"_SC_Joacaba-Santa Terezinha Muni AP","Joaçaba-Santa Terezinha Muni AP","SC",-27.17,-51.56,776,17.6192922374429,13.278801369863,77.4603881278539,92724.8567351598,184.167694063927,69.6018264840183,88.2430365296804,3.02181506849315
"_SC_Major Vieira","Major Vieira","SC",-26.4,-50.36,808,16.964703196347,14.1505251141553,85.0184931506849,92362.0734018265,156.476255707763,52.4852739726027,83.5964611872146,2.25166666666667
"_SC_Novo Horizonte","Novo Horizonte","SC",-26.41,-52.85,960,18.1019178082192,13.8478424657534,78.0383561643836,90718.4902968036,180.459931506849,69.3787671232877,85.5239726027397,3.61785388127854
"_SC_Rio Negrinho","Rio Negrinho","SC",-26.25,-49.58,869,16.4013584474886,13.6000570776256,85.2100456621005,91850.7642694064,169.917694063927,58.7449771689498,87.3259132420091,2.25813926940639
"_SC_Santa Marta","Santa Marta","SC",-28.6,-48.81,52,19.4295091324201,16.5503652968037,83.6783105022831,101032.01152968,189.949200913242,78.6187214611872,82.9993150684931,6.58301369863014
"_SC_Sao Joaquim","São Joaquim","SC",-28.28,-49.93,1410,13.6354223744292,10.4785388127854,82.5436073059361,86172.8070776256,181.093493150685,69.5906392694064,86.0058219178082,3.12384703196347
"_SC_Sao Miguel do Oeste AP","São Miguel do Oeste AP","SC",-26.78,-53.5,665,19.6526255707763,14.0831392694064,72.862899543379,93966.6609589041,190.365639269406,76.9899543378995,85.7066210045662,2.99946347031963
"_SC_Urubici","Urubici","SC",-28.13,-49.48,1810,10.8339840182648,8.98178082191781,89.1533105022831,82073.6124429224,151.372716894977,46.435502283105,86.5542237442922,7.37805936073059
"_SC_Urussanga","Urussanga","SC",-28.53,-49.32,48,19.6451369863014,16.1280136986301,81.8453196347032,101048.313356164,159.682876712329,56.2022831050228,81.7821917808219,0.756175799086758
"_SC_Xanxere","Xanxerê","SC",-26.94,-52.4,889,18.04,12.8232534246575,73.6005707762557,91512.4952054795,187.092465753425,72.976598173516,87.4092465753425,3.91017123287671
"_SE_Aracaju","Aracaju","SE",-10.91,-37.07,5,26.5290639269406,21.620502283105,74.6466894977169,101393.207191781,234.954566210046,111.317237442922,95.0417808219178,3.37937214611872
"_SE_Brejo Grande","Brejo Grande","SE",-10.47,-36.48,10,26.3089383561644,21.8912557077626,77.4200913242009,101309.925228311,223.994520547945,101.071118721461,100.510273972603,1.52771689497717
"_SE_Carira","Carira","SE",-10.4,-37.75,308,24.1775684931507,19.7181164383562,78.6611872146119,98069.4158675799,218.883904109589,89.5618721461187,106.549657534247,2.95583333333333
"_SE_Itabaianinha","Itabaianinha","SE",-11.27,-37.79,208,24.6030821917808,20.7932305936073,80.8323059360731,99023.3966894977,217.725114155251,87.8881278538813,106.222716894977,2.88485159817352
"_SE_Poco Verde","Poço Verde","SE",-10.74,-38.11,362,24.0070547945205,19.1693264840183,76.7828767123288,97212.6940639269,210.886415525114,81.984703196347,108.486301369863,3.52245433789954
"_SP_Ariranha","Ariranha","SP",-21.13,-48.84,525,22.1872831050228,15.8884246575342,71.2127853881279,95388.4730593607,193.198744292237,70.2227168949772,96.22100456621,1.83761415525114
"_SP_Avare","Avaré","SP",-23.1,-48.93,654,19.5937214611872,14.6510730593607,75.5232876712329,92839.7174657534,202.007876712329,80.6131278538813,92.0437214611872,2.20090182648402
"_SP_Bauru","Bauru","SP",-22.32,-49.06,550,20.8411301369863,15.1582305936073,72.8063926940639,94297.3019406393,196.689611872146,78.7631278538813,90.9964611872146,1.6925799086758
"_SP_Campinas","Campinas","SP",-22.82,-47.06,640,22.0403881278539,16.5094863013699,73.8922374429224,94755.0407534247,176.926484018265,56.7826484018265,98.7401826484018,2.17942922374429
"_SP_Campos do Jordao","Campos do Jordão","SP",-22.74,-45.59,1642,15.3126940639269,11.6597945205479,80.4727168949772,83698.203652968,191.783219178082,73.5311643835616,91.9143835616438,2.04797945205479
"_SP_Casa Branca","Casa Branca","SP",-21.77,-47.09,730,21.3831621004566,14.8990410958904,69.9202054794521,93266.0998858447,205.288926940639,86.3535388127854,89.5038812785388,1.54334474885845
"_SP_Franca","Franca","SP",-20.54,-47.4,1026,20.9624086757991,13.5910273972603,65.661301369863,90378.3984018265,204.890068493151,83.8566210045662,92.2533105022831,1.93933789954338
"_SP_Ibitinga","Ibitinga","SP",-21.86,-48.8,492,21.913196347032,15.9322260273973,72.3618721461187,95741.4474885845,216.903310502283,92.1206621004566,93.434703196347,2.21196347031963
"_SP_Iguape","Iguape","SP",-24.71,-47.56,3,21.1033789954338,18.6453082191781,86.4673515981735,101526.034474886,173.523059360731,61.8051369863014,89.0529680365297,1.53407534246575
"_SP_Itapeva","Itapeva","SP",-23.98,-48.88,707,19.1084589041096,14.4133904109589,76.2159817351598,93126.5827625571,189.094178082192,70.7414383561644,91.7313926940639,2.96442922374429
"_SP_Itapira","Itapira","SP",-22.42,-46.81,633,21.2238926940639,15.2638356164384,72.0239726027397,94290.997716895,190.818264840183,71.0436073059361,95.4635844748858,1.31278538812785
"_SP_Ituverava","Ituverava","SP",-20.36,-47.78,600,22.2747945205479,15.0897602739726,67.8134703196347,94463.1461187215,214.12100456621,90.6447488584475,92.0146118721461,1.69078767123288
"_SP_Jales","Jales","SP",-20.27,-50.55,457,23.9090182648402,16.0579337899543,65.6216894977169,96115.5547945205,212.176598173516,87.3738584474886,93.5634703196347,2.67779680365297
"_SP_Jose Bonifacio","José Bonifácio","SP",-21.1,-49.92,405,22.918401826484,16.2102853881279,69.8200913242009,96628.7420091324,202.852397260274,78.9329908675799,95.6051369863014,2.26318493150685
"_SP_Lins","Lins","SP",-21.68,-49.74,459,22.8298744292237,15.4842237442922,66.6385844748858,96166.8230593607,217.842922374429,93.9852739726027,92.1107305936073,1.99181506849315
"_SP_Ourinhos","Ourinhos","SP",-22.98,-49.87,448,20.9195890410959,15.8739840182648,75.5336757990868,96337.9200913242,205.293607305936,82.9916666666667,92.2799086757991,1.79504566210046
"_SP_Piracicaba","Piracicaba","SP",-22.73,-47.65,573,20.9199315068493,15.4958561643836,74.0183789954338,95042.3356164384,204.823515981735,85.4323059360731,90.3036529680365,2.2715296803653
"_SP_Presidente Prudente","Presidente Prudente","SP",-22.13,-51.39,436,23.7791324200913,15.2123401826484,61.6159817351598,95692.3242009132,195.827739726027,80.3937214611872,87.6826484018265,2.03896118721461
"_SP_Rancharia","Rancharia","SP",-22.37,-50.97,350,21.3775456621005,15.982899543379,75.1842465753425,96854.1997716895,201.019178082192,79.9917808219178,91.9059360730594,1.92783105022831
"_SP_Sao Carlos","São Carlos","SP",-22.02,-47.89,863,20.286997716895,14.1957420091324,70.8301369863014,91914.3127853881,193.891210045662,72.7866438356164,93.9977168949772,2.29534246575342
"_SP_Sao Luis do Paraitinga","São Luís do Paraitinga","SP",-23.23,-45.42,874,19.7109703196347,15.4679223744292,77.5748858447489,91848.8214611872,201.091210045662,84.3600456621005,87.7582191780822,1.52635844748858
"_SP_Sao Paulo","São Paulo","SP",-23.85,-46.64,792,19.5676255707763,13.8494748858447,71.7288812785388,92654.6849315069,167.630936073059,60.3090182648402,86.2744292237443,2.0833904109589
"_SP_Sorocaba","Sorocaba","SP",-23.5,-47.46,609,20.4378310502283,15.4749429223744,75.6550228310502,94652.9839041096,201.348744292237,80.5697488584475,91.4361872146119,2.53086757990868
"_SP_Taubate","Taubaté","SP",-23.03,-45.56,571,20.7042922374429,15.7045776255708,75.6817351598174,95017.1488584475,200.606735159817,84.3872146118722,88.325,1.93554794520548
"_SP_Valparaiso","Valparaíso","SP",-21.32,-50.93,374,23.3086415525114,16.0170205479452,67.6277397260274,96960.9543378995,204.053310502283,81.1359589041096,93.978196347032,2.51505707762557
"_SP_Votuporanga","Votuporanga","SP",-20.42,-49.97,486,23.7334360730594,15.9541666666667,65.5973744292237,95861.8447488584,208.418835616438,85.1147260273973,93.1747716894977,2.02956621004566
"_TO_Araguaina","Araguaína","TO",-7.18,-48.22,226,25.1284931506849,20.7530821917808,79.1747716894977,98488.6055936073,208.609474885845,84.9856164383562,100.272831050228,0.904166666666667
"_TO_Araguatins","Araguatins","TO",-5.64,-48.11,117,27.0880365296804,21.2580365296804,72.9078767123288,99757.5639269406,205.11198630137,78.3246575342466,104.060616438356,1.46464611872146
"_TO_Dianopolis","Dianópolis","TO",-11.59,-46.85,732,24.2102739726027,17.3716210045662,68.8148401826484,93126.7871004566,208.152283105023,86.7224885844749,97.6601598173516,2.66102739726027
"_TO_Formoso do Araguaia","Formoso do Araguaia","TO",-11.78,-49.61,220,26.6317922374429,18.4517465753425,65.9965753424657,98671.5393835616,213.752397260274,91.2014840182648,96.6280821917808,1.86786529680365
"_TO_Gurupi","Gurupi","TO",-11.72,-49.08,287,25.8496232876712,18.6112557077626,69.4445205479452,97949.9127853881,220.834817351598,97.5449771689498,96.1202054794521,1.16753424657534
"_TO_Palmas","Palmas","TO",-10.17,-48.33,280,26.820605022831,19.1221803652968,65.8449771689498,97864.6044520548,186.349771689498,71.3229452054795,95.2756849315068,1.63675799086758
"_TO_Parana","Paranã","TO",-12.6,-47.87,280,25.9325684931507,17.8776141552511,66.5151826484018,97974.2488584475,221.290525114155,94.1138127853881,99.361301369863,1.48345890410959
"_TO_Pedro Afonso","Pedro Afonso","TO",-8.97,-48.17,189,26.3864726027397,21.2520205479452,76.5071917808219,98983.1187214612,210.128310502283,89.8792237442922,97.5018264840183,0.765936073059361
"_TO_Peixe","Peixe","TO",-12.02,-48.54,242,25.9189155251142,20.4263127853881,75.0231735159817,98279.877283105,219.693835616438,96.509703196347,96.9084474885845,0.987579908675799
